SVAM_Green_Sprigatito_Coin	https://archives.bulbagarden.net/media/upload/thumb/8/83/SVAM_Green_Sprigatito_Coin.png/240px-SVAM_Green_Sprigatito_Coin.png
SVAL_Red_Fuecoco_Coin	https://archives.bulbagarden.net/media/upload/thumb/d/d8/SVAL_Red_Fuecoco_Coin.png/240px-SVAL_Red_Fuecoco_Coin.png
SVAW_Blue_Quaxly_Coin	https://archives.bulbagarden.net/media/upload/thumb/d/d9/SVAW_Blue_Quaxly_Coin.png/240px-SVAW_Blue_Quaxly_Coin.png
SVB_Aqua_ex_Coin	https://archives.bulbagarden.net/media/upload/thumb/3/34/SVB_Aqua_ex_Coin.png/240px-SVB_Aqua_ex_Coin.png
ECS_Silver_Poke_Ball_Coin	https://archives.bulbagarden.net/media/upload/thumb/9/96/ECS_Silver_Pok%C3%A9_Ball_Coin.png/240px-ECS_Silver_Pok%C3%A9_Ball_Coin.png
FEC_Silver_Poke_Ball_Coin	https://archives.bulbagarden.net/media/upload/thumb/5/59/FEC_Silver_Pok%C3%A9_Ball_Coin.png/240px-FEC_Silver_Pok%C3%A9_Ball_Coin.png
SVC_Gold_Pikachu_Coin	https://archives.bulbagarden.net/media/upload/thumb/6/63/SVC_Gold_Pikachu_Coin.png/240px-SVC_Gold_Pikachu_Coin.png
SVC_Silver_Pikachu_Coin	https://archives.bulbagarden.net/media/upload/thumb/a/a9/SVC_Silver_Pikachu_Coin.png/240px-SVC_Silver_Pikachu_Coin.png
SVIBL_Gold_Fuecoco_Coin	https://archives.bulbagarden.net/media/upload/5/5d/SVIBL_Gold_Fuecoco_Coin.jpg
ExBD_White_ex_Coin	https://archives.bulbagarden.net/media/upload/thumb/d/d7/ExBD_White_ex_Coin.jpg/240px-ExBD_White_ex_Coin.jpg
PALBL_Gold_Quaxly_Coin	https://archives.bulbagarden.net/media/upload/thumb/6/6a/PALBL_Gold_Quaxly_Coin.jpg/240px-PALBL_Gold_Quaxly_Coin.jpg
SVD_Silver_Pikachu_Coin	https://archives.bulbagarden.net/media/upload/thumb/5/56/SVD_Silver_Pikachu_Coin.png/240px-SVD_Silver_Pikachu_Coin.png
CTVM_Purple_Ditto_Coin	https://archives.bulbagarden.net/media/upload/thumb/c/c1/CTVM_Purple_Ditto_Coin.jpg/240px-CTVM_Purple_Ditto_Coin.jpg
CTVM_Yellow_Psyduck_Coin	https://archives.bulbagarden.net/media/upload/thumb/1/10/CTVM_Yellow_Psyduck_Coin.jpg/240px-CTVM_Yellow_Psyduck_Coin.jpg
CTVM_Pink_Slowpoke_Coin	https://archives.bulbagarden.net/media/upload/thumb/6/6f/CTVM_Pink_Slowpoke_Coin.jpg/240px-CTVM_Pink_Slowpoke_Coin.jpg
CTVM_Silver_Alakazam_Coin	https://archives.bulbagarden.net/media/upload/thumb/f/fc/CTVM_Silver_Alakazam_Coin.jpg/240px-CTVM_Silver_Alakazam_Coin.jpg
CTVM_Gold_Dragonite_Coin	https://archives.bulbagarden.net/media/upload/thumb/6/65/CTVM_Gold_Dragonite_Coin.jpg/240px-CTVM_Gold_Dragonite_Coin.jpg
CTVM_Gold_Fidough_Coin	https://archives.bulbagarden.net/media/upload/thumb/9/96/CTVM_Gold_Fidough_Coin.jpg/240px-CTVM_Gold_Fidough_Coin.jpg
CTVM_Silver_Tandemaus_Coin	https://archives.bulbagarden.net/media/upload/thumb/9/91/CTVM_Silver_Tandemaus_Coin.jpg/240px-CTVM_Silver_Tandemaus_Coin.jpg
CTVM_Blue_Baxcalibur_Coin	https://archives.bulbagarden.net/media/upload/thumb/e/ea/CTVM_Blue_Baxcalibur_Coin.jpg/240px-CTVM_Blue_Baxcalibur_Coin.jpg
CTVM_Brown_Greedent_Coin	https://archives.bulbagarden.net/media/upload/thumb/4/4d/CTVM_Brown_Greedent_Coin.jpg/240px-CTVM_Brown_Greedent_Coin.jpg
CTVM_Gold_Meltan_Coin	https://archives.bulbagarden.net/media/upload/thumb/5/5a/CTVM_Gold_Meltan_Coin.jpg/240px-CTVM_Gold_Meltan_Coin.jpg
ExBD_Aqua_ex_Coin	https://archives.bulbagarden.net/media/upload/thumb/7/79/ExBD_Aqua_ex_Coin.jpg/240px-ExBD_Aqua_ex_Coin.jpg
WCS23_Gold_Pikachu_Coin	https://archives.bulbagarden.net/media/upload/6/6a/WCS23_Gold_Pikachu_Coin.jpg
S2023CC_Red_Koraidon_Coin	https://archives.bulbagarden.net/media/upload/thumb/3/35/S2023CC_Red_Koraidon_Coin.jpg/240px-S2023CC_Red_Koraidon_Coin.jpg
S2023CC_Blue_Miraidon_Coin	https://archives.bulbagarden.net/media/upload/thumb/d/d4/S2023CC_Blue_Miraidon_Coin.jpg/240px-S2023CC_Blue_Miraidon_Coin.jpg
ARHBL_Silver_Fuecoco_Coin	https://archives.bulbagarden.net/media/upload/thumb/5/5f/ARHBL_Silver_Fuecoco_Coin.jpg/240px-ARHBL_Silver_Fuecoco_Coin.jpg
WCS23_Metal_Pikachu_Coin	https://archives.bulbagarden.net/media/upload/thumb/3/3e/WCS23_Metal_Pikachu_Coin.jpg/240px-WCS23_Metal_Pikachu_Coin.jpg
WCS23_Yokohama_Pikachu_Coin	https://archives.bulbagarden.net/media/upload/thumb/5/5d/WCS23_Yokohama_Pikachu_Coin.jpg/240px-WCS23_Yokohama_Pikachu_Coin.jpg
WCS23_Staff_Fuecoco_Coin	https://archives.bulbagarden.net/media/upload/thumb/7/75/WCS23_Staff_Fuecoco_Coin.jpg/240px-WCS23_Staff_Fuecoco_Coin.jpg
OBFBL_Gold_Sprigatito_Coin	https://archives.bulbagarden.net/media/upload/thumb/d/df/OBFBL_Gold_Sprigatito_Coin.jpg/240px-OBFBL_Gold_Sprigatito_Coin.jpg
DBD_Green_Meowscarada_Coin	https://archives.bulbagarden.net/media/upload/8/80/DBD_Green_Meowscarada_Coin.jpg
DBD_Blue_Quaquaval_Coin	https://archives.bulbagarden.net/media/upload/d/d7/DBD_Blue_Quaquaval_Coin.jpg
HC2023_Blue_Snom_Coin	https://archives.bulbagarden.net/media/upload/thumb/3/3f/HC2023_Blue_Snom_Coin.png/240px-HC2023_Blue_Snom_Coin.png
HC2023_Blue_Alolan_Vulpix_Coin	https://archives.bulbagarden.net/media/upload/thumb/f/f0/HC2023_Blue_Alolan_Vulpix_Coin.png/240px-HC2023_Blue_Alolan_Vulpix_Coin.png
SVEM_Silver_Mewtwo_Coin	https://archives.bulbagarden.net/media/upload/thumb/d/db/SVEM_Silver_Mewtwo_Coin.png/240px-SVEM_Silver_Mewtwo_Coin.png
SVEL_Silver_Skeledirge_Coin	https://archives.bulbagarden.net/media/upload/thumb/d/db/SVEL_Silver_Skeledirge_Coin.png/240px-SVEL_Silver_Skeledirge_Coin.png
MFB_Bulbasaur_Pikachu_Coin	https://archives.bulbagarden.net/media/upload/0/0c/MFB_Bulbasaur_Pikachu_Coin.jpg
MFB_Charmander_Squirtle_Coin	https://archives.bulbagarden.net/media/upload/e/ee/MFB_Charmander_Squirtle_Coin.jpg
151UPC_Pink_Mew_Coin	https://archives.bulbagarden.net/media/upload/thumb/1/1f/151UPC_Pink_Mew_Coin.jpg/240px-151UPC_Pink_Mew_Coin.jpg
151MT_Green_Grass_Coin	https://archives.bulbagarden.net/media/upload/thumb/2/26/151MT_Green_Grass_Coin.jpg/240px-151MT_Green_Grass_Coin.jpg
151MT_Red_Fire_Coin	https://archives.bulbagarden.net/media/upload/thumb/d/d0/151MT_Red_Fire_Coin.jpg/240px-151MT_Red_Fire_Coin.jpg
151MT_Blue_Water_Coin	https://archives.bulbagarden.net/media/upload/thumb/4/47/151MT_Blue_Water_Coin.jpg/240px-151MT_Blue_Water_Coin.jpg
151MT_Yellow_Lightning_Coin	https://archives.bulbagarden.net/media/upload/thumb/8/80/151MT_Yellow_Lightning_Coin.jpg/240px-151MT_Yellow_Lightning_Coin.jpg
151MT_Purple_Psychic_Coin	https://archives.bulbagarden.net/media/upload/thumb/f/f1/151MT_Purple_Psychic_Coin.jpg/240px-151MT_Purple_Psychic_Coin.jpg
151MT_Brown_Fighting_Coin	https://archives.bulbagarden.net/media/upload/thumb/5/5c/151MT_Brown_Fighting_Coin.jpg/240px-151MT_Brown_Fighting_Coin.jpg
151MT_Black_Darkness_Coin	https://archives.bulbagarden.net/media/upload/thumb/8/81/151MT_Black_Darkness_Coin.jpg/240px-151MT_Black_Darkness_Coin.jpg
151MT_Gray_Metal_Coin	https://archives.bulbagarden.net/media/upload/thumb/a/a5/151MT_Gray_Metal_Coin.jpg/240px-151MT_Gray_Metal_Coin.jpg
151MT_Gold_Dragon_Coin	https://archives.bulbagarden.net/media/upload/thumb/6/66/151MT_Gold_Dragon_Coin.jpg/240px-151MT_Gold_Dragon_Coin.jpg
151MT_White_Colorless_Coin	https://archives.bulbagarden.net/media/upload/thumb/5/5b/151MT_White_Colorless_Coin.jpg/240px-151MT_White_Colorless_Coin.jpg
PARBL_Gold_Pikachu_Coin	https://archives.bulbagarden.net/media/upload/thumb/1/17/PARBL_Gold_Pikachu_Coin.jpg/240px-PARBL_Gold_Pikachu_Coin.jpg
SVG_Green_Venusaur_Coin	https://archives.bulbagarden.net/media/upload/c/cb/SVG_Green_Venusaur_Coin.png
SVG_Orange_Charizard_Coin	https://archives.bulbagarden.net/media/upload/d/de/SVG_Orange_Charizard_Coin.png
SVG_Blue_Blastoise_Coin	https://archives.bulbagarden.net/media/upload/f/fd/SVG_Blue_Blastoise_Coin.png
F2023CC_Silver_Charizard_Coin	https://archives.bulbagarden.net/media/upload/thumb/2/23/F2023CC_Silver_Charizard_Coin.jpg/240px-F2023CC_Silver_Charizard_Coin.jpg
PBL_Silver_Quaxly_Coin	https://archives.bulbagarden.net/media/upload/thumb/d/da/PBL_Silver_Quaxly_Coin.jpg/240px-PBL_Silver_Quaxly_Coin.jpg
SVHK_Red_Koraidon_Coin	https://archives.bulbagarden.net/media/upload/thumb/4/4f/SVHK_Red_Koraidon_Coin.png/240px-SVHK_Red_Koraidon_Coin.png
SVHM_Purple_Miraidon_Coin	https://archives.bulbagarden.net/media/upload/thumb/d/d9/SVHM_Purple_Miraidon_Coin.png/240px-SVHM_Purple_Miraidon_Coin.png
WCS2023_Silver_Pikachu_Coin	https://archives.bulbagarden.net/media/upload/thumb/d/d4/WCS2023_Silver_Pikachu_Coin.jpg/240px-WCS2023_Silver_Pikachu_Coin.jpg
SVI_Silver_Pikachu_Coin	https://archives.bulbagarden.net/media/upload/thumb/b/bb/SVI_Silver_Pikachu_Coin.png/240px-SVI_Silver_Pikachu_Coin.png
ADCS_Silver_ex_Coin	https://archives.bulbagarden.net/media/upload/thumb/9/94/ADCS_Silver_ex_Coin.png/240px-ADCS_Silver_ex_Coin.png
TEFBL_Gold_Pawmi_Coin	https://archives.bulbagarden.net/media/upload/thumb/6/61/TEFBL_Gold_Pawmi_Coin.jpg/240px-TEFBL_Gold_Pawmi_Coin.jpg
DBD_Red_Ninetales_Coin	https://archives.bulbagarden.net/media/upload/thumb/3/37/DBD_Red_Ninetales_Coin.jpg/240px-DBD_Red_Ninetales_Coin.jpg
DBD_Yellow_Zapdos_Coin	https://archives.bulbagarden.net/media/upload/thumb/8/85/DBD_Yellow_Zapdos_Coin.jpg/240px-DBD_Yellow_Zapdos_Coin.jpg
IC24_Metal_Armarouge_Ceruledge_Coin	https://archives.bulbagarden.net/media/upload/f/f7/IC24_Metal_Armarouge_Ceruledge_Coin.jpg
IPTC_Pink_Iono_Coin	https://archives.bulbagarden.net/media/upload/thumb/3/38/IPTC_Pink_Iono_Coin.png/240px-IPTC_Pink_Iono_Coin.png
PBGBL_Silver_Pikachu_Coin	https://archives.bulbagarden.net/media/upload/c/ca/PBGBL_Silver_Pikachu_Coin.jpg
PC_Green_Ogerpon_Coin	https://archives.bulbagarden.net/media/upload/thumb/5/51/PC_Green_Ogerpon_Coin.png/240px-PC_Green_Ogerpon_Coin.png
SVJL_Silver_Charizard_Coin	https://archives.bulbagarden.net/media/upload/thumb/b/be/SVJL_Silver_Charizard_Coin.png/240px-SVJL_Silver_Charizard_Coin.png
SVJP_Silver_Chien-Pao_Coin	https://archives.bulbagarden.net/media/upload/thumb/7/76/SVJP_Silver_Chien-Pao_Coin.png/240px-SVJP_Silver_Chien-Pao_Coin.png
TWMBL_Gold_Lechonk_Coin	https://archives.bulbagarden.net/media/upload/thumb/6/62/TWMBL_Gold_Lechonk_Coin.jpg/240px-TWMBL_Gold_Lechonk_Coin.jpg
TCGBA_Gold_Pikachu_Darkrai_Armarouge_Coin	https://archives.bulbagarden.net/media/upload/thumb/4/42/TCGBA_Gold_Pikachu_Darkrai_Armarouge_Coin.jpg/240px-TCGBA_Gold_Pikachu_Darkrai_Armarouge_Coin.jpg
BTSCC_Pink_Scream_Tail_Coin	https://archives.bulbagarden.net/media/upload/thumb/4/4b/BTSCC_Pink_Scream_Tail_Coin.jpg/240px-BTSCC_Pink_Scream_Tail_Coin.jpg
BTSCC_Blue_Iron_Valiant_Coin	https://archives.bulbagarden.net/media/upload/thumb/a/a8/BTSCC_Blue_Iron_Valiant_Coin.jpg/240px-BTSCC_Blue_Iron_Valiant_Coin.jpg
EBL_Silver_Sprigatito_Coin	https://archives.bulbagarden.net/media/upload/thumb/5/5a/EBL_Silver_Sprigatito_Coin.jpg/240px-EBL_Silver_Sprigatito_Coin.jpg
WCS24_Metal_Pikachu_Coin	https://archives.bulbagarden.net/media/upload/thumb/7/79/WCS24_Metal_Pikachu_Coin.png/240px-WCS24_Metal_Pikachu_Coin.png
WCS24_Metal_Munchlax_Coin	https://archives.bulbagarden.net/media/upload/4/4c/WCS24_Metal_Munchlax_Coin.jpg
WCS24_Gift_Pikachu_Coin	https://archives.bulbagarden.net/media/upload/thumb/b/b2/WCS24_Gift_Pikachu_Coin.png/240px-WCS24_Gift_Pikachu_Coin.png
WCS24_Metal_Squirtle_Coin	https://archives.bulbagarden.net/media/upload/thumb/d/d8/WCS24_Metal_Squirtle_Coin.png/240px-WCS24_Metal_Squirtle_Coin.png
HC2024_Blue_Chien-Pao_Coin	https://archives.bulbagarden.net/media/upload/thumb/5/55/HC2024_Blue_Chien-Pao_Coin.png/240px-HC2024_Blue_Chien-Pao_Coin.png
HC2024_Silver_Cetoddle_Coin	https://archives.bulbagarden.net/media/upload/d/d7/HC2024_Silver_Cetoddle_Coin.jpg
SVLN_Silver_Sylveon_Coin	https://archives.bulbagarden.net/media/upload/thumb/f/f9/SVLN_Silver_Sylveon_Coin.png/240px-SVLN_Silver_Sylveon_Coin.png
SVLS_Silver_Ceruledge_Coin	https://archives.bulbagarden.net/media/upload/thumb/5/5a/SVLS_Silver_Ceruledge_Coin.png/240px-SVLS_Silver_Ceruledge_Coin.png
SCR_Gold_Dragonite_Coin	https://archives.bulbagarden.net/media/upload/thumb/3/3e/SCR_Gold_Dragonite_Coin.jpg/240px-SCR_Gold_Dragonite_Coin.jpg
ZLPBL_Silver_Palkia_Coin	https://archives.bulbagarden.net/media/upload/thumb/5/59/ZLPBL_Silver_Palkia_Coin.jpg/240px-ZLPBL_Silver_Palkia_Coin.jpg
GUPC_Blue_Greninja_Coin	https://archives.bulbagarden.net/media/upload/thumb/d/d6/GUPC_Blue_Greninja_Coin.jpg/240px-GUPC_Blue_Greninja_Coin.jpg
CC2024_Blue_Terapagos_Coin	https://archives.bulbagarden.net/media/upload/thumb/8/83/CC2024_Blue_Terapagos_Coin.jpg/240px-CC2024_Blue_Terapagos_Coin.jpg
TUPC_Blue_Terapagos_Coin	https://archives.bulbagarden.net/media/upload/thumb/5/52/TUPC_Blue_Terapagos_Coin.jpg/240px-TUPC_Blue_Terapagos_Coin.jpg
CTVM_2024_Pikachu_Coin	https://archives.bulbagarden.net/media/upload/thumb/2/2b/CTVM_2024_Pikachu_Coin.png/240px-CTVM_2024_Pikachu_Coin.png
CTVM_Blue_Snorlax_Coin	https://archives.bulbagarden.net/media/upload/thumb/7/71/CTVM_Blue_Snorlax_Coin.png/240px-CTVM_Blue_Snorlax_Coin.png
CTVM_Silver_Lugia_Coin	https://archives.bulbagarden.net/media/upload/thumb/8/8d/CTVM_Silver_Lugia_Coin.png/240px-CTVM_Silver_Lugia_Coin.png
CTVM_Red_Blaziken_Coin	https://archives.bulbagarden.net/media/upload/thumb/1/16/CTVM_Red_Blaziken_Coin.png/240px-CTVM_Red_Blaziken_Coin.png
CTVM_Blue_Lucario_Coin	https://archives.bulbagarden.net/media/upload/thumb/2/2b/CTVM_Blue_Lucario_Coin.png/240px-CTVM_Blue_Lucario_Coin.png
CTVM_Red_Reshiram_Coin	https://archives.bulbagarden.net/media/upload/thumb/f/f6/CTVM_Red_Reshiram_Coin.png/240px-CTVM_Red_Reshiram_Coin.png
CTVM_Green_Noivern_Coin	https://archives.bulbagarden.net/media/upload/thumb/e/e0/CTVM_Green_Noivern_Coin.png/240px-CTVM_Green_Noivern_Coin.png
CTVM_Gold_Mimikyu_Coin	https://archives.bulbagarden.net/media/upload/thumb/b/b0/CTVM_Gold_Mimikyu_Coin.png/240px-CTVM_Gold_Mimikyu_Coin.png
CTVM_Pink_Alcremie_Coin	https://archives.bulbagarden.net/media/upload/thumb/f/f0/CTVM_Pink_Alcremie_Coin.png/240px-CTVM_Pink_Alcremie_Coin.png
CTVM_Silver_Clodsire_Coin	https://archives.bulbagarden.net/media/upload/thumb/1/1d/CTVM_Silver_Clodsire_Coin.png/240px-CTVM_Silver_Clodsire_Coin.png
SVM_Silver_Pikachu_Coin	https://archives.bulbagarden.net/media/upload/thumb/c/ce/SVM_Silver_Pikachu_Coin.png/240px-SVM_Silver_Pikachu_Coin.png
SVM_Pikachu_Snorlax_Coin	https://archives.bulbagarden.net/media/upload/thumb/6/6d/SVM_Pikachu_Snorlax_Coin.png/240px-SVM_Pikachu_Snorlax_Coin.png
SVM_Clodsire_Koraidon_Coin	https://archives.bulbagarden.net/media/upload/thumb/2/28/SVM_Clodsire_Koraidon_Coin.png/240px-SVM_Clodsire_Koraidon_Coin.png
CTVM_2024_Eevee_Coin	https://archives.bulbagarden.net/media/upload/thumb/2/20/CTVM_2024_Eevee_Coin.png/240px-CTVM_2024_Eevee_Coin.png
CTVM_Blue_Vaporeon_Coin	https://archives.bulbagarden.net/media/upload/thumb/d/d9/CTVM_Blue_Vaporeon_Coin.png/240px-CTVM_Blue_Vaporeon_Coin.png
CTVM_Yellow_Jolteon_Coin	https://archives.bulbagarden.net/media/upload/thumb/4/41/CTVM_Yellow_Jolteon_Coin.png/240px-CTVM_Yellow_Jolteon_Coin.png
CTVM_Red_Flareon_Coin	https://archives.bulbagarden.net/media/upload/thumb/e/e5/CTVM_Red_Flareon_Coin.png/240px-CTVM_Red_Flareon_Coin.png
CTVM_Purple_Espeon_Coin	https://archives.bulbagarden.net/media/upload/thumb/8/86/CTVM_Purple_Espeon_Coin.png/240px-CTVM_Purple_Espeon_Coin.png
CTVM_Gray_Umbreon_Coin	https://archives.bulbagarden.net/media/upload/thumb/e/e4/CTVM_Gray_Umbreon_Coin.png/240px-CTVM_Gray_Umbreon_Coin.png
CTVM_Green_Leafeon_Coin	https://archives.bulbagarden.net/media/upload/thumb/1/14/CTVM_Green_Leafeon_Coin.png/240px-CTVM_Green_Leafeon_Coin.png
CTVM_Blue_Glaceon_Coin	https://archives.bulbagarden.net/media/upload/thumb/b/b3/CTVM_Blue_Glaceon_Coin.png/240px-CTVM_Blue_Glaceon_Coin.png
CTVM_2024_Sylveon_Coin	https://archives.bulbagarden.net/media/upload/thumb/a/a9/CTVM_2024_Sylveon_Coin.png/240px-CTVM_2024_Sylveon_Coin.png
ABL_Silver_Dragonite_Coin	https://archives.bulbagarden.net/media/upload/thumb/7/7c/ABL_Silver_Dragonite_Coin.jpg/240px-ABL_Silver_Dragonite_Coin.jpg
CSVH1_Cardboard_ex_Coin	https://archives.bulbagarden.net/media/upload/thumb/4/4e/CSVH1_Cardboard_ex_Coin.png/240px-CSVH1_Cardboard_ex_Coin.png
CFS_Green_N_Coin	https://archives.bulbagarden.net/media/upload/thumb/f/f9/CFS_Green_N_Coin.png/240px-CFS_Green_N_Coin.png
CFS_White_Lillie_Coin	https://archives.bulbagarden.net/media/upload/thumb/2/22/CFS_White_Lillie_Coin.png/240px-CFS_White_Lillie_Coin.png
PREMT_Blue_Eevee_Coin	https://archives.bulbagarden.net/media/upload/thumb/2/2e/PREMT_Blue_Eevee_Coin.jpg/240px-PREMT_Blue_Eevee_Coin.jpg
PREMT_Yellow_Eevee_Coin	https://archives.bulbagarden.net/media/upload/thumb/e/e1/PREMT_Yellow_Eevee_Coin.jpg/240px-PREMT_Yellow_Eevee_Coin.jpg
PREMT_Red_Eevee_Coin	https://archives.bulbagarden.net/media/upload/thumb/b/b9/PREMT_Red_Eevee_Coin.jpg/240px-PREMT_Red_Eevee_Coin.jpg
PREMT_Purple_Eevee_Coin	https://archives.bulbagarden.net/media/upload/thumb/2/24/PREMT_Purple_Eevee_Coin.jpg/240px-PREMT_Purple_Eevee_Coin.jpg
PREMT_Gray_Eevee_Coin	https://archives.bulbagarden.net/media/upload/thumb/c/c8/PREMT_Gray_Eevee_Coin.jpg/240px-PREMT_Gray_Eevee_Coin.jpg
PREMT_Green_Eevee_Coin	https://archives.bulbagarden.net/media/upload/thumb/8/85/PREMT_Green_Eevee_Coin.jpg/240px-PREMT_Green_Eevee_Coin.jpg
PREMT_Teal_Eevee_Coin	https://archives.bulbagarden.net/media/upload/thumb/2/2a/PREMT_Teal_Eevee_Coin.jpg/240px-PREMT_Teal_Eevee_Coin.jpg
PREMT_Pink_Eevee_Coin	https://archives.bulbagarden.net/media/upload/thumb/d/d6/PREMT_Pink_Eevee_Coin.jpg/240px-PREMT_Pink_Eevee_Coin.jpg
EUIC_Metal_Ogerpon_Coin	https://archives.bulbagarden.net/media/upload/thumb/f/ff/EUIC_Metal_Ogerpon_Coin.png/240px-EUIC_Metal_Ogerpon_Coin.png
PREBL_Gold_Eevee_Coin	https://archives.bulbagarden.net/media/upload/thumb/4/43/PREBL_Gold_Eevee_Coin.jpg/240px-PREBL_Gold_Eevee_Coin.jpg
WCS2024_Silver_Pikachu_Coin	https://archives.bulbagarden.net/media/upload/thumb/1/16/WCS2024_Silver_Pikachu_Coin.png/240px-WCS2024_Silver_Pikachu_Coin.png
JTGBL_Gold_Greedent_Coin	https://archives.bulbagarden.net/media/upload/9/93/JTGBL_Gold_Greedent_Coin.jpg
C151_Water_Bulbasaur_Coin	https://archives.bulbagarden.net/media/upload/thumb/0/0a/C151_Water_Bulbasaur_Coin.png/240px-C151_Water_Bulbasaur_Coin.png
C151_Colorless_Bulbasaur_Coin	https://archives.bulbagarden.net/media/upload/thumb/2/28/C151_Colorless_Bulbasaur_Coin.png/240px-C151_Colorless_Bulbasaur_Coin.png
C151_Dragon_Bulbasaur_Coin	https://archives.bulbagarden.net/media/upload/thumb/3/3d/C151_Dragon_Bulbasaur_Coin.png/240px-C151_Dragon_Bulbasaur_Coin.png
C151_Secret_Bulbasaur_Coin	https://archives.bulbagarden.net/media/upload/thumb/3/34/C151_Secret_Bulbasaur_Coin.png/240px-C151_Secret_Bulbasaur_Coin.png
LPTC_Green_Lillie_Coin	https://archives.bulbagarden.net/media/upload/thumb/2/2c/LPTC_Green_Lillie_Coin.png/240px-LPTC_Green_Lillie_Coin.png
RBD_Pink_Marnie_Coin	https://archives.bulbagarden.net/media/upload/thumb/3/3a/RBD_Pink_Marnie_Coin.png/240px-RBD_Pink_Marnie_Coin.png
RBD_Gray_Steven_Coin	https://archives.bulbagarden.net/media/upload/thumb/c/c4/RBD_Gray_Steven_Coin.png/240px-RBD_Gray_Steven_Coin.png
DRIBL_Gold_Fidough_Coin	https://archives.bulbagarden.net/media/upload/thumb/2/2d/DRIBL_Gold_Fidough_Coin.png/240px-DRIBL_Gold_Fidough_Coin.png
C151_Grass_Bulbasaur_Coin	https://archives.bulbagarden.net/media/upload/thumb/4/4d/C151_Grass_Bulbasaur_Coin.png/240px-C151_Grass_Bulbasaur_Coin.png
C151_Psychic_Bulbasaur_Coin	https://archives.bulbagarden.net/media/upload/thumb/d/dc/C151_Psychic_Bulbasaur_Coin.png/240px-C151_Psychic_Bulbasaur_Coin.png
C151_Darkness_Bulbasaur_Coin	https://archives.bulbagarden.net/media/upload/thumb/3/33/C151_Darkness_Bulbasaur_Coin.png/240px-C151_Darkness_Bulbasaur_Coin.png
WCS25_Gift_Pikachu_Coin	https://archives.bulbagarden.net/media/upload/thumb/3/3d/WCS25_Gift_Pikachu_Coin.png/240px-WCS25_Gift_Pikachu_Coin.png
WCS25_Letterman_Pikachu_Coin	https://archives.bulbagarden.net/media/upload/1/15/WCS25_Letterman_Pikachu_Coin.png
WCS23_Sunglasses_Pikachu_Coin	https://archives.bulbagarden.net/media/upload/a/ae/WCS23_Sunglasses_Pikachu_Coin.png
WCS25_Metal_Jigglypuff_Coin	https://archives.bulbagarden.net/media/upload/c/ce/WCS25_Metal_Jigglypuff_Coin.png
WCS25_Staff_Toedscool_Coin	https://archives.bulbagarden.net/media/upload/a/ac/WCS25_Staff_Toedscool_Coin.png
HC2025_Gold_Pikachu_Coin	https://archives.bulbagarden.net/media/upload/thumb/0/00/HC2025_Gold_Pikachu_Coin.png/240px-HC2025_Gold_Pikachu_Coin.png
HC2025_Pink_Alcremie_Coin	https://archives.bulbagarden.net/media/upload/thumb/3/36/HC2025_Pink_Alcremie_Coin.png/240px-HC2025_Pink_Alcremie_Coin.png
MBG_Purple_Mega_Gengar_Coin	https://archives.bulbagarden.net/media/upload/thumb/d/d8/MBG_Purple_Mega_Gengar_Coin.png/240px-MBG_Purple_Mega_Gengar_Coin.png
MBD_Magenta_Mega_Diancie_Coin	https://archives.bulbagarden.net/media/upload/thumb/7/70/MBD_Magenta_Mega_Diancie_Coin.png/240px-MBD_Magenta_Mega_Diancie_Coin.png
BeijingMasters_Metal_Gholdengo_Coin	https://archives.bulbagarden.net/media/upload/thumb/a/a2/BeijingMasters_Metal_Gholdengo_Coin.png/240px-BeijingMasters_Metal_Gholdengo_Coin.png
BeijingMasters_Metal_Pikachu_Coin	https://archives.bulbagarden.net/media/upload/thumb/f/f3/BeijingMasters_Metal_Pikachu_Coin.png/240px-BeijingMasters_Metal_Pikachu_Coin.png
BeijingMasters_Metal_Garganacl_Coin	https://archives.bulbagarden.net/media/upload/thumb/e/e1/BeijingMasters_Metal_Garganacl_Coin.png/240px-BeijingMasters_Metal_Garganacl_Coin.png
MEGETB_Blue_Mega_Lucario_Coin	https://archives.bulbagarden.net/media/upload/thumb/c/c6/MEGETB_Blue_Mega_Lucario_Coin.png/240px-MEGETB_Blue_Mega_Lucario_Coin.png
MEGETB_Silver_Mega_Gardevoir_Coin	https://archives.bulbagarden.net/media/upload/thumb/a/ac/MEGETB_Silver_Mega_Gardevoir_Coin.png/240px-MEGETB_Silver_Mega_Gardevoir_Coin.png
MEGBL_Gold_Mega_Lucario_Coin	https://archives.bulbagarden.net/media/upload/thumb/8/87/MEGBL_Gold_Mega_Lucario_Coin.png/240px-MEGBL_Gold_Mega_Lucario_Coin.png
TRBL_Silver_Zapdos_Coin	https://archives.bulbagarden.net/media/upload/4/45/TRBL_Silver_Zapdos_Coin.png
C151_Fire_Bulbasaur_Coin	https://archives.bulbagarden.net/media/upload/thumb/d/db/C151_Fire_Bulbasaur_Coin.png/240px-C151_Fire_Bulbasaur_Coin.png
C151_Lightning_Bulbasaur_Coin	https://archives.bulbagarden.net/media/upload/thumb/e/e1/C151_Lightning_Bulbasaur_Coin.png/240px-C151_Lightning_Bulbasaur_Coin.png
C151_Fighting_Bulbasaur_Coin	https://archives.bulbagarden.net/media/upload/thumb/9/97/C151_Fighting_Bulbasaur_Coin.png/240px-C151_Fighting_Bulbasaur_Coin.png
MBD_Purple_Mega_Gengar_Coin	https://archives.bulbagarden.net/media/upload/thumb/c/c3/MBD_Purple_Mega_Gengar_Coin.png/240px-MBD_Purple_Mega_Gengar_Coin.png
MBD_Pink_Mega_Diancie_Coin	https://archives.bulbagarden.net/media/upload/thumb/6/6d/MBD_Pink_Mega_Diancie_Coin.png/240px-MBD_Pink_Mega_Diancie_Coin.png
UPC_Red_Fire_Coin	https://archives.bulbagarden.net/media/upload/thumb/2/26/UPC_Red_Fire_Coin.png/240px-UPC_Red_Fire_Coin.png
PFLETB_Mega_Charizard_X_Coin	https://archives.bulbagarden.net/media/upload/thumb/f/f1/PFLETB_Mega_Charizard_X_Coin.png/240px-PFLETB_Mega_Charizard_X_Coin.png
PFLBL_Gold_Mega_Diancie_Coin	https://archives.bulbagarden.net/media/upload/thumb/2/2f/PFLBL_Gold_Mega_Diancie_Coin.png/240px-PFLBL_Gold_Mega_Diancie_Coin.png
UPC_Metal_Mega_Charizard_X_Coin	https://archives.bulbagarden.net/media/upload/thumb/9/91/UPC_Metal_Mega_Charizard_X_Coin.png/240px-UPC_Metal_Mega_Charizard_X_Coin.png
F2025CC_Silver_Mega_Lucario_Coin	https://archives.bulbagarden.net/media/upload/thumb/2/21/F2025CC_Silver_Mega_Lucario_Coin.png/240px-F2025CC_Silver_Mega_Lucario_Coin.png
ShenzhenMasters_Metal_Dragapult_Coin	https://archives.bulbagarden.net/media/upload/thumb/f/f4/ShenzhenMasters_Metal_Dragapult_Coin.png/240px-ShenzhenMasters_Metal_Dragapult_Coin.png
ShenzhenMasters_Metal_Mewtwo_Coin	https://archives.bulbagarden.net/media/upload/thumb/b/bc/ShenzhenMasters_Metal_Mewtwo_Coin.png/240px-ShenzhenMasters_Metal_Mewtwo_Coin.png
ShenzhenMasters_Metal_Porygon_Coin	https://archives.bulbagarden.net/media/upload/thumb/7/7d/ShenzhenMasters_Metal_Porygon_Coin.png/240px-ShenzhenMasters_Metal_Porygon_Coin.png
ShenzhenMasters_Metal_Zapdos_Coin	https://archives.bulbagarden.net/media/upload/thumb/5/51/ShenzhenMasters_Metal_Zapdos_Coin.png/240px-ShenzhenMasters_Metal_Zapdos_Coin.png
ShenzhenMasters_Metal_Pikachu_Coin	https://archives.bulbagarden.net/media/upload/thumb/b/b1/ShenzhenMasters_Metal_Pikachu_Coin.png/240px-ShenzhenMasters_Metal_Pikachu_Coin.png
ShenzhenMasters_Metal_Ampharos_Coin	https://archives.bulbagarden.net/media/upload/thumb/4/41/ShenzhenMasters_Metal_Ampharos_Coin.png/240px-ShenzhenMasters_Metal_Ampharos_Coin.png
CTVM_Orange_Mega_Charizard_Y_Coin	https://archives.bulbagarden.net/media/upload/thumb/3/35/CTVM_Orange_Mega_Charizard_Y_Coin.png/240px-CTVM_Orange_Mega_Charizard_Y_Coin.png
CTVM_Pink_Mega_Audino_Coin	https://archives.bulbagarden.net/media/upload/thumb/a/a4/CTVM_Pink_Mega_Audino_Coin.png/240px-CTVM_Pink_Mega_Audino_Coin.png
CTVM_Green_Chikorita_Coin	https://archives.bulbagarden.net/media/upload/thumb/7/74/CTVM_Green_Chikorita_Coin.png/240px-CTVM_Green_Chikorita_Coin.png
CTVM_Red_Tepig_Coin	https://archives.bulbagarden.net/media/upload/thumb/f/fd/CTVM_Red_Tepig_Coin.png/240px-CTVM_Red_Tepig_Coin.png
CTVM_Teal_Totodile_Coin	https://archives.bulbagarden.net/media/upload/thumb/2/2b/CTVM_Teal_Totodile_Coin.png/240px-CTVM_Teal_Totodile_Coin.png
CTVM_Yellow_Pikachu_Coin	https://archives.bulbagarden.net/media/upload/thumb/d/df/CTVM_Yellow_Pikachu_Coin.png/240px-CTVM_Yellow_Pikachu_Coin.png
CTVM_Pink_Clefairy_Coin	https://archives.bulbagarden.net/media/upload/thumb/1/1a/CTVM_Pink_Clefairy_Coin.png/240px-CTVM_Pink_Clefairy_Coin.png
CTVM_Blue_Azumarill_Coin	https://archives.bulbagarden.net/media/upload/thumb/b/b6/CTVM_Blue_Azumarill_Coin.png/240px-CTVM_Blue_Azumarill_Coin.png
CTVM_Brown_Stunfisk_Coin	https://archives.bulbagarden.net/media/upload/thumb/1/16/CTVM_Brown_Stunfisk_Coin.png/240px-CTVM_Brown_Stunfisk_Coin.png
CTVM_Red_Armarouge_Coin	https://archives.bulbagarden.net/media/upload/thumb/5/5d/CTVM_Red_Armarouge_Coin.png/240px-CTVM_Red_Armarouge_Coin.png
MC_Gold_Mega_Charizard_Y_Coin	https://archives.bulbagarden.net/media/upload/thumb/e/e6/MC_Gold_Mega_Charizard_Y_Coin.png/240px-MC_Gold_Mega_Charizard_Y_Coin.png
RBL_Silver_Raikou_Coin	https://archives.bulbagarden.net/media/upload/thumb/c/c2/RBL_Silver_Raikou_Coin.png/240px-RBL_Silver_Raikou_Coin.png
MC_Silver_Mega_Audino_Coin	https://archives.bulbagarden.net/media/upload/thumb/9/99/MC_Silver_Mega_Audino_Coin.png/240px-MC_Silver_Mega_Audino_Coin.png
SCS_Green_Mega_Gallade_Coin	https://archives.bulbagarden.net/media/upload/thumb/8/88/SCS_Green_Mega_Gallade_Coin.png/240px-SCS_Green_Mega_Gallade_Coin.png
PD2026C_Gold_Logo_Coin	https://archives.bulbagarden.net/media/upload/thumb/1/15/PD2026C_Gold_Logo_Coin.png/240px-PD2026C_Gold_Logo_Coin.png
ASCC_Green_Erika_Coin	https://archives.bulbagarden.net/media/upload/7/76/ASCC_Green_Erika_Coin.png
ASCC_Gold_Larry_Coin	https://archives.bulbagarden.net/media/upload/b/b5/ASCC_Gold_Larry_Coin.png
EUIC_Metal_Mega_Charizard_X_Coin	https://archives.bulbagarden.net/media/upload/thumb/2/23/EUIC_Metal_Mega_Charizard_X_Coin.png/240px-EUIC_Metal_Mega_Charizard_X_Coin.png
ASCETB_Yellow_Mega_Dragonite_Coin	https://archives.bulbagarden.net/media/upload/thumb/c/ca/ASCETB_Yellow_Mega_Dragonite_Coin.png/240px-ASCETB_Yellow_Mega_Dragonite_Coin.png
PORETB_Green_Zygarde_Core_Coin	https://archives.bulbagarden.net/media/upload/thumb/2/22/PORETB_Green_Zygarde_Core_Coin.png/240px-PORETB_Green_Zygarde_Core_Coin.png
PORBL_Gold_Snorlax_Coin	https://archives.bulbagarden.net/media/upload/thumb/8/8e/PORBL_Gold_Snorlax_Coin.png/240px-PORBL_Gold_Snorlax_Coin.png
EBL_Silver_Diancie_Coin	https://archives.bulbagarden.net/media/upload/thumb/d/de/EBL_Silver_Diancie_Coin.png/240px-EBL_Silver_Diancie_Coin.png
M4_Gold_Pikachu_Coin	https://archives.bulbagarden.net/media/upload/2/29/M4_Gold_Pikachu_Coin.png
M4_Blue_Greninja_Coin	https://archives.bulbagarden.net/media/upload/1/18/M4_Blue_Greninja_Coin.png
M4_Orange_Eevee_Coin	https://archives.bulbagarden.net/media/upload/e/ee/M4_Orange_Eevee_Coin.png
WCS2025_Worlds_Pikachu_Coin	https://archives.bulbagarden.net/media/upload/thumb/9/94/WCS2025_Worlds_Pikachu_Coin.png/240px-WCS2025_Worlds_Pikachu_Coin.png
CRIETB_Blue_Froakie_Coin	https://archives.bulbagarden.net/media/upload/thumb/a/a9/CRIETB_Blue_Froakie_Coin.png/240px-CRIETB_Blue_Froakie_Coin.png
CRIBL_Gold_Chikorita_Coin	https://archives.bulbagarden.net/media/upload/thumb/b/bd/CRIBL_Gold_Chikorita_Coin.png/240px-CRIBL_Gold_Chikorita_Coin.png
MEE_Brown_Eevee_Coin	https://archives.bulbagarden.net/media/upload/thumb/e/e9/MEE_Brown_Eevee_Coin.png/240px-MEE_Brown_Eevee_Coin.png
MEZ_Red_Zoroark_Coin	https://archives.bulbagarden.net/media/upload/thumb/6/6a/MEZ_Red_Zoroark_Coin.png/240px-MEZ_Red_Zoroark_Coin.png
MEM_Aqua_Meowscarada_Coin	https://archives.bulbagarden.net/media/upload/thumb/1/1a/MEM_Aqua_Meowscarada_Coin.png/240px-MEM_Aqua_Meowscarada_Coin.png
